position,eve_position_conservation,pssm_conservation,eve_position_conservation_norm,abs_diff
45,11.468009491578949,0.0673202199640881,0.39951969692378975,0.33219947695970165
46,7.700431496315789,0.07447889086221904,0.20692810335929712,0.13244921249707808
47,10.26106827368421,0.0921967103384177,0.3378231022453878,0.2456263919069701
48,9.781275649473685,0.09511292473703736,0.31329699390911153,0.21818406917207417
49,10.93250792105263,0.11011321468432067,0.3721458506613852,0.26203263597706455
50,6.293595176315789,0.08585859545496077,0.13501324211585217,0.04915464666089139
51,7.655809855789474,0.07972256355728213,0.20464712792435466,0.12492456436707253
52,8.03603,0.10836252317383044,0.22408327591409563,0.11572075274026519
53,10.033371708947369,0.0904308157585002,0.3261836765169854,0.23575286075848517
54,9.053237110526316,0.1432490725906327,0.27608101521709116,0.13283194262645848
55,4.444539936842105,0.11737828610419732,0.0404929705762214,0.07688531552797592
56,5.6764783089473685,0.1551292743596514,0.10346737337698608,0.05166190098266532
57,7.029807664210526,0.08856163169498488,0.1726470579051981,0.08408542621021323
58,10.392571657894736,0.1322395096212814,0.344545311143537,0.2123058015222556
59,7.948203591578948,0.09025641258164119,0.2195937529430722,0.12933734036143102
61,9.937006831578946,0.09189401204528935,0.3212576828628752,0.22936367081758585
62,9.69997517368421,0.09214893446071681,0.3091410645004749,0.2169921300397581
63,9.442257542105263,0.08916177659329971,0.29596701756160343,0.20680524096830372
64,10.273106605263159,0.10440008315528493,0.33843847940959315,0.23403839625430822
65,9.388533805263158,0.1286255957216258,0.29322075985873197,0.16459516413710618
66,6.541654957894737,0.06597278750039048,0.14769359769007367,0.08172081018968319
67,9.898999545789474,0.09295509920442602,0.31931482096420755,0.22635972175978153
68,7.991755521052632,0.11824120218642653,0.22182004673465147,0.10357884454822494
69,8.9632327,0.08978709782765226,0.27148015682135535,0.18169305899370308
70,6.767277778947368,0.09092982367647251,0.1592270174907187,0.06829719381424618
71,8.21163137368421,0.09680636267554743,0.2330596921774021,0.13625332950185468
72,5.556467216842106,0.09562264429790113,0.0973326291187313,0.0017099848208301793
73,8.518106517157895,0.07588545231495825,0.2487261326183732,0.17284068030341496
74,5.812580340210526,0.09325780745873702,0.11042465657624338,0.017166849117506364
75,7.646449016842105,0.08717851577532065,0.2041686192133894,0.11699010343806876
76,6.154589190526316,0.10185455591619663,0.12790751415166493,0.0260529582354683
77,9.90810835,0.08707693896677304,0.3197804461272639,0.23270350716049087
78,10.2676777,0.07180656313700107,0.3381609638499267,0.26635440071292565
79,11.282371268421054,0.06659995381862849,0.3900302155462549,0.3234302617276264
80,12.626562842105264,0.11310122958027169,0.45874279364212595,0.34564156406185426
81,7.426451065263159,0.11839647611220161,0.19292273229909504,0.07452625618689343
82,8.620342087894738,0.1794639221048685,0.25395222522002314,0.07448830311515464
83,9.827983568421052,0.06262541974725166,0.3156846160242912,0.25305919627703954
84,11.093362942105264,0.0642088779224057,0.38036846075103053,0.31615958282862483
85,11.006798963157895,0.11023560920236863,0.3759434708313215,0.2657078616289529
86,9.477666031578948,0.1406794494802922,0.2977770338166146,0.15709758433632237
87,12.24272883157895,0.08319110666429463,0.4391219115145485,0.35593080485025386
88,11.961621731578948,0.1326584355068703,0.4247522383666109,0.2920938028597406
89,10.061129931578947,0.11391872951843773,0.32760262533180884,0.2136838958133711
90,8.303017105263159,0.0573454213662018,0.23773116114127618,0.18038573977507438
91,13.668127700000001,0.10752080309077006,0.5119856557766126,0.40446485268584254
92,10.678519763157894,0.18159059533959088,0.35916244749442816,0.17757185215483728
93,15.111295989473684,0.1830732222472835,0.585757739858462,0.4026845176111785
94,17.115859194736842,0.14299098012824185,0.688227289948138,0.5452363098198961
95,13.45736527368421,0.1647192211916565,0.5012118717703595,0.33649265057870303
96,12.838202184210525,0.1393153828734719,0.4695614039557649,0.330246021082293
97,16.340736736842103,0.2588166160180807,0.6486044687188863,0.3897878527008056
98,16.987780131578948,0.5574145911222266,0.6816801259858154,0.12426553486358882
99,13.167217010526317,0.23537288543997292,0.48638003114441775,0.2510071457044448
100,13.909826968421052,0.23890253604312472,0.5243408737248826,0.28543833768175786
101,12.515082052631579,0.25803687023325594,0.4530441026200533,0.19500723238679735
102,14.434303652631579,0.3252525222048951,0.5511511482637301,0.22589862605883504
103,16.94029323157895,0.34695699394131585,0.6792526838052061,0.33229568986389024
104,8.529924884210526,0.28501714148372714,0.24933026560430158,0.03568687587942557
105,15.274905605263157,0.6848539619054963,0.594121159717848,0.09073280218764834
106,6.5358453,0.15039797573237923,0.1473966187626517,0.003001356969727531
107,11.605537878947368,0.375377974100094,0.40654989279947956,0.03117191869938557
108,14.234373468421053,0.3304344063941037,0.5409310883665871,0.2104966819724834
109,15.95820544736842,0.8273537053748453,0.6290501792733479,0.19830352610149737
110,12.29455232631579,0.18929656684633633,0.4417710323683165,0.25247446552198016
111,13.355471894736842,0.4360886229427803,0.49600327137779526,0.05991464843501498
112,14.37529559473684,0.1100426076390193,0.5481347658776504,0.4380921582386311
113,18.147078631578946,0.4129043806457495,0.7409413133620653,0.32803693271631573
114,16.485606921052632,0.13794701212489302,0.6560099636209603,0.5180629514960673
115,10.780557768421053,0.17942023543071972,0.36437844091579363,0.1849582054850739
116,14.122132957894738,0.2289590205608446,0.5351935618145335,0.3062345412536889
117,15.527374263157894,0.2218945394455013,0.6070268888653715,0.3851323494198702
118,16.394820384210526,0.22328854613390225,0.6513691243797806,0.4280805782458783
119,18.22945842105263,0.22111912630128694,0.7451524152827664,0.5240332889814795
120,17.406103868421052,0.51187076929362,0.7030640589012234,0.1911932896076034
121,18.661948789473684,0.41892652526127583,0.7672605201077303,0.34833399484645444
122,18.449662089473684,0.24466174593037526,0.7564088180601681,0.5117470721297929
123,14.588410957894737,0.2309953043511428,0.5590288276476412,0.3280335232964984
124,14.519054194736842,0.4120974779347407,0.5554834386582566,0.14338596072351584
125,17.743204157894738,0.31795465891263275,0.7202959999578953,0.40234134104526253
126,17.325004305263157,0.6411329321129189,0.6989183997733697,0.057785467660450784
127,17.858632894736843,0.7157826937436185,0.7261965027210782,0.010413808977459693
128,12.30597082631579,0.16185509608897486,0.44235472489276617,0.2804996288037913
129,3.6523951600000006,0.1142561588062615,0.0,0.1142561588062615
130,23.214920842105265,0.5131161418020365,0.9999999999999489,0.48688385819791247
131,15.469410105263158,0.3558046499436558,0.6040638687095561,0.2482592187659003
132,17.084337789473683,0.6423419508838553,0.6866159742225825,0.04427402333872721
133,8.67610247368421,0.6261971205026455,0.25680259263656163,0.3693945278660839
134,13.878817984210526,0.6572339133389294,0.522755752012358,0.13447816132657142
135,15.947159421052632,0.41062069473233276,0.6284855269122324,0.2178648321798996
136,15.2125934,0.2694154210622606,0.5909358754516064,0.32152045438934584
137,15.061161942105263,0.32170571540163695,0.5831949804181369,0.26148926501649994
138,16.26578394736842,0.2616356592485388,0.6447730212518427,0.38313736200330384
139,14.905973710526316,0.2608773731301852,0.5752620460874285,0.31438467295724326
140,15.893832536842105,0.24204107812771247,0.6257595555792308,0.3837184774515183
141,20.143611,0.35834926636829934,0.8430003419795853,0.48465107561128595
142,18.757272684210523,0.4639090355544898,0.7721333006620343,0.3082242651075445
143,12.167284563157896,0.44058119768333115,0.4352653405560213,0.005315857127309864
144,17.22295168421053,0.1698569096098167,0.6937016592199771,0.5238447496101604
145,12.250629615789473,0.4395793189514816,0.43952578493758765,5.3534013893963284e-05
146,10.79455567368421,0.16587831222125948,0.36509398784928393,0.19921567562802445
147,15.798074868421054,0.2609934050302054,0.6208646013193808,0.3598711962891754
148,8.935126006842104,0.14988600656239126,0.27004339484007367,0.12015738827768241
149,11.086379236842106,0.08398804864500564,0.38001146670145614,0.2960234180564505
150,10.417695714736842,0.14614423411949717,0.3458296062928636,0.1996853721733664
151,16.198235736842104,0.3790669332924991,0.6413200821158649,0.2622531488233658
152,15.650387389473684,0.38963553637084447,0.613315091539953,0.22367955516910853
153,10.5565523,0.13088478331630116,0.35292769717946976,0.2220429138631686
154,15.305108236842106,0.3563722759877468,0.5956650621806354,0.23929278619288863
155,14.005044992631577,0.3089412577810836,0.5292082423744031,0.2202669845933195
156,11.499135910526315,0.16666263893548905,0.4011108216820738,0.23444818274658474
157,13.263599715789473,0.5535984284784838,0.4913069361274137,0.06229149235107012
158,14.407367894736842,0.7623954314525356,0.5497742423195567,0.2126211891329789
159,12.852831447368422,0.4678871034046954,0.47030922473287845,0.0024221213281830356
160,15.646805631578948,0.30180521751593803,0.6131319987249995,0.31132678120906143
161,14.253805063157893,0.41802619749373915,0.5419243954197052,0.12389819792596601
162,17.416152342105264,0.45642697710449887,0.7035777182235164,0.24715074111901758
163,15.172663684210528,0.6125887568813102,0.5888947424998427,0.023694014381467454
164,17.850295157894735,0.2896849813914676,0.7257702930906041,0.43608531169913656
165,9.828826878947368,0.20810292482300774,0.3157277244930043,0.10762479966999655
166,15.13913597368421,0.28223691465248146,0.5871808681734317,0.3049439535209503
167,13.192588410526316,0.36382454717680135,0.48767697001684596,0.12385242284004461
168,16.824328015789476,0.3129182725207371,0.6733247572340708,0.3604064847133337
169,16.853656973684213,0.22537412162617854,0.6748239991198752,0.4494498774936967
170,13.917549484210527,0.160908361703339,0.5247356343971478,0.36382727269380877
171,20.383458263157895,0.3290928891916961,0.8552608888565809,0.5261679996648848
172,14.414290499999998,0.3988627454972288,0.5501281130505478,0.15126536755331899
173,14.072159631578948,0.7755925638910333,0.5326390181360809,0.24295354575495232
174,14.135722928947368,0.1994718001018696,0.5358882559084082,0.33641645580653856
175,13.783514657894736,0.7573754670661104,0.517884022877558,0.2394914441885524
176,13.131490584210527,0.8934872091394002,0.4845537625482073,0.40893344659119285
177,18.00533091578947,0.28647502461957974,0.7336954332496046,0.4472204086300249
178,16.429579889473686,0.3386940500402402,0.6531459657666243,0.3144519157263841
179,13.897335715789474,0.8106987039857965,0.5237023440771998,0.2869963599085966
180,16.367857342105264,0.1481529397770993,0.6499908237174113,0.501837883940312
181,14.93809274736842,0.11855393987729756,0.576903911629948,0.45834997175265046
182,12.481458147368421,0.11060012247636375,0.4513253109972562,0.34072518852089245
183,10.838933005263158,0.16420627466205795,0.3673624746643346,0.20315620000227663
184,12.47147735263158,0.1877351977653713,0.45081511129712387,0.2630799135317526
185,9.636522863157895,0.2863151969561345,0.3058975001694972,0.019582303213362684
186,13.332752494736843,0.1932365813816339,0.49484189782260135,0.30160531644096744
187,11.459583415789472,0.2389528596837428,0.3990889715703052,0.1601361118865624
188,11.792978542105264,0.07694358351792208,0.4161315115640416,0.3391879280461195
189,14.2876539,0.1394167126394319,0.5436546851272898,0.40423797248785787
190,15.326658521052632,0.15298800072011032,0.5967666727068386,0.44377867198672827
191,15.951398310526315,0.19532017116763978,0.6287022110737034,0.4333820399060636
192,14.332509842105262,0.1571541241219826,0.5459476376240264,0.38879351350204383
193,15.613512631578947,0.6943487558637245,0.6114301223650133,0.0829186334987112
194,15.491680026315791,0.4577881802754097,0.6052022657353043,0.14741408545989465
195,12.463446342105263,0.5139439440241265,0.4504045809465535,0.06353936307757296
196,16.68133704736842,0.5244718714912635,0.666015324354867,0.14154345286360348
197,14.05031847368421,0.426658706357415,0.5315225386870742,0.10486383232965923
198,18.272793473684214,0.24818020764270288,0.7473676227327545,0.4991874150900516
199,14.904337063157895,0.5439383338243837,0.5751783837119756,0.03124004988759188
200,16.78141859473684,0.3743250604554058,0.6711313072803216,0.29680624682491574
201,9.519927958947369,0.1999311403202152,0.2999373850951346,0.10000624477491943
202,8.858062742105263,0.12449380570068114,0.2661040637951396,0.14161025809445849
203,9.7716531,0.49300512687533926,0.3128051070418403,0.18020001983349898
204,4.740015936842106,0.1260246007377127,0.055597155219939014,0.07042744551777369
205,13.642433552631578,0.8250864126252171,0.5106722186578092,0.3144141939674079
206,6.814703701578947,0.105119374908762,0.16165134262144346,0.05653196771268146
207,11.307575431578949,0.25938977942335484,0.3913186055817476,0.13192882615839274
208,14.373531936842106,0.3211784211528472,0.5480446109598553,0.22686618980700812
209,5.239190364894736,0.1435821560195477,0.08111402539121873,0.06246813062832898
210,11.080646847368422,0.10937391083491999,0.3797184375922892,0.2703445267573692
211,14.4651762,0.34456306413781934,0.5527292955781468,0.20816623144032742
212,10.200513284210526,0.23932861297349517,0.3347276435884787,0.0953990306149835
213,19.00515745263158,0.6228376263726267,0.7848047098884919,0.1619670835158652
214,17.011762036842104,0.3128541720809882,0.6829060364665409,0.3700518643855527
215,13.474429515789474,0.552033199710297,0.5020841641513414,0.04994903555895558
216,13.565024968421051,0.6345370749885666,0.5067152355223784,0.1278218394661882
217,10.876694478947368,0.28136687153069007,0.3692927711044691,0.08792589957377905
218,12.778985236842104,0.48720404659012184,0.4665343435275408,0.020669703062581035
219,11.698842889473683,0.6315556808270956,0.4113194717404882,0.22023620908660735
220,13.88879545263158,0.40123338045976387,0.5232657816774017,0.12203240121763781
221,14.484400668421053,0.26916549828036496,0.5537120147184793,0.28454651643811435
222,8.424427203157894,0.09787067667057736,0.2439374199785892,0.14606674330801184
223,16.3655187,0.49631755392781807,0.6498712766740863,0.15355372274626822
224,12.026815273684212,0.3741206665482727,0.42808481122374953,0.05396414467547683
225,13.585906936842106,0.1999699985137532,0.5077826829859825,0.3078126844722293
226,16.204994684210526,0.6138452585469276,0.6416655869590664,0.027820328412138773
227,13.074591526315789,0.2543073209414983,0.4816451883273038,0.22733786738580547
228,13.750563710526317,0.2265572266283321,0.5161996316131642,0.28964240498483207
229,9.995687379473685,0.09910843403339609,0.32425732354569425,0.22514888951229817
230,14.71796785263158,0.23533518716097446,0.5656515356170598,0.3303163484560854
231,16.2543479,0.2886120800632215,0.6441884317384916,0.35557635167527013
232,12.442233442105262,0.26079682312934727,0.44932021687492424,0.18852339374557697
233,13.930688157894735,0.21027132854420127,0.5254072590072679,0.31513593046306665
234,14.686412526315788,0.43248918721360574,0.5640384859102597,0.131549298696654
235,15.694927036842106,0.23232334601771942,0.6155918756368635,0.38326852961914404
236,12.486342557894737,0.7114844531994984,0.4515749929966917,0.2599094602028067
237,17.127115367368418,0.32006502746732823,0.6888026845988333,0.3687376571315051
238,13.879789705263157,0.8900815096174294,0.5228054245888146,0.36727608502861475
239,14.66124842631579,0.3029308148656359,0.5627521438290317,0.2598213289633958
240,15.415291157894737,0.5149313259135587,0.6012974085781876,0.08636608266462886
241,12.909174752631579,0.8092504623419937,0.47318938991086945,0.33606107243112426
242,17.58228505263158,0.8787478509191488,0.712070114002364,0.16667773691678478
243,12.231087115789473,0.1960392838912508,0.4385268086132843,0.2424875247220335
244,15.833582763157896,0.5399187110064245,0.6226796989869239,0.08276098798049936
245,19.954191568421052,0.6805948322044397,0.833317572246421,0.15272274004198128
246,13.982518294736844,0.4268296151355392,0.5280567193931278,0.10122710425758863
247,16.212749368421054,0.5596475658741503,0.6420619920213033,0.082414426147153
248,12.428388089473684,0.7916521163192398,0.4486124681487849,0.3430396481704549
249,12.1251333,0.6852791556188547,0.4331106462265232,0.2521685093923315
250,18.863074157894737,0.47004903230978323,0.7775416756031591,0.3074926432933759
251,14.424677763157893,0.48058922789188274,0.5506590906618587,0.07006986276997595
252,14.958693689473684,0.15905979779254487,0.577956993549943,0.41889719575739814
253,14.773013526315788,0.4375414107184781,0.5684653682774591,0.130923957558981
254,18.533252815789474,0.5302348132362892,0.7606818208244406,0.2304470075881514
255,13.721313526315788,0.5536874048463265,0.5147044164918732,0.03898298835445335
256,14.134094157894738,0.5918940672495474,0.5358049961555982,0.05608907109394923
257,11.75650507894737,0.8514155527595506,0.41426705583114737,0.43714849692840324
258,16.828300000000002,0.7666060933231351,0.6735277976939312,0.09307829562920389
259,13.435532452631579,0.23793193474621044,0.5000958184852461,0.26216388373903565
260,11.104074598421054,0.10960319404307828,0.3809160207384195,0.27131282669534124
261,10.714557747368422,0.13276526863019555,0.36100464235188934,0.22823937372169378
262,14.124004142105264,0.547052300567624,0.5352892132779965,0.011763087289627494
263,12.508835736842105,0.15996530921704277,0.452724802551597,0.29275949333455425
264,10.8524618,0.4720691799962582,0.3680540415385045,0.10401513845775368
265,17.36928842105263,0.5538512914299223,0.7011821215702939,0.14733083014037163
266,14.889629157894738,0.7561705836812415,0.5744265428964204,0.1817440407848211
267,17.862000947368422,0.635976269801974,0.7263686713196686,0.09039240151769468
268,12.674631147368421,0.33652986181081,0.46119995618055654,0.12467009436974652
269,12.984203057894737,0.23116725480637845,0.4770246976048952,0.24585744279851673
270,15.401831305263158,0.39510871304777595,0.6006093658964652,0.20550065284868924
271,17.0773395,0.26102843445204116,0.686258234655238,0.4252298002031969
272,16.34226925789474,0.5612051083759502,0.6486828083503603,0.08747769997441013
273,13.336665078947368,0.6291398477324046,0.49504190186472274,0.13409794586768187
274,12.609879391052631,0.5813475209609089,0.45788996659291253,0.12345755436799638
275,13.641587052631579,0.8262305060480549,0.5106289471491219,0.31560155889893304
276,13.727473205263157,0.5472739596412961,0.5150192878457804,0.032254671795515666
277,16.819499684210527,0.69673480941622,0.6730779418863284,0.0236568675298916
278,15.209962605263158,0.8212040532495595,0.5908013941080625,0.23040265914149693
279,19.147183136842106,0.42441163002410864,0.7920647992306589,0.3676531692065502
280,14.089789105263156,0.8963954760399634,0.5335402041061693,0.3628552719337941
281,11.664467205263158,0.8802029294046403,0.4095622505733887,0.4706406788312516
282,19.522623089473683,0.4014442784856671,0.8112565927000978,0.40981231421443065
283,9.32974410736842,0.258561190388342,0.2902155396305222,0.03165434924218019
284,11.925574052631578,0.2196595185481972,0.42290954793219826,0.20325002938400105
285,14.258548110526315,0.5022664397052441,0.542166851196914,0.039900411491669896
286,18.027531605263157,0.6876462659532319,0.7348302912855479,0.047184025332316026
287,10.49975423473684,0.2081673884476799,0.3500242855144253,0.14185689706674542
288,11.864373352631578,0.16464316424484327,0.41978108175178164,0.25513791750693837
289,7.24508026368421,0.09293407078186222,0.18365139359128968,0.09071732280942746
290,9.185024795263157,0.07447841617030226,0.2828177570304137,0.2083393408601114
291,10.052122447368422,0.19854146039788978,0.3271421794590776,0.1286007190611878
292,12.500205602631578,0.11567405523097996,0.45228364611041105,0.3366095908794311
293,8.917642611578946,0.10089320368153554,0.26914967612771185,0.1682564724461763
294,9.90996192631579,0.1084333883085723,0.3198751975078326,0.2114418091992603
295,7.221957636842105,0.1302320812598331,0.18246940782841575,0.052237326568582654
296,6.2554112710526315,0.1143174706122767,0.13306135175753894,0.018743881145262237
297,8.4475965,0.13483934387817098,0.24512179142523216,0.11028244754706118
298,7.047715036842105,0.1120373159907968,0.17356244955362718,0.061525133562830375
299,5.355586034210527,0.11487188528168135,0.08706395594759145,0.027807929334089904
300,12.690914778947368,0.14172504058417346,0.4620323452004387,0.3203073046162652
301,9.958618094736842,0.1390117942752378,0.32236241051967585,0.18335061624443805
302,11.247349805263157,0.11778902966182647,0.3882399833580907,0.2704509536962642
303,10.019503994736843,0.16261259246199666,0.3254747847084388,0.16286219224644216
304,10.829859715789473,0.1153612522141878,0.3668986649487014,0.2515374127345136
305,11.40230525263158,0.272357371707573,0.396161018192062,0.123803646484489
306,11.341157568421053,0.21875880441271645,0.3930352620803929,0.17427645766767647
307,11.53080994736842,0.159117433153385,0.40272993965062304,0.24361250649723803
308,11.022477057894736,0.1607062857589906,0.37674490593186083,0.21603862017287023
309,9.704029278947369,0.13664242877477684,0.309348302836109,0.17270587406133214
310,7.101119210526316,0.11130362805523641,0.17629237178105508,0.06498874372581867
311,8.08456903263158,0.13376451260080446,0.2265645011618139,0.09279998856100943
312,12.41920867368421,0.1850761242350879,0.4481432334528852,0.2630671092177973
313,9.695582394736842,0.11184003028819245,0.30891651379476587,0.19707648350657342
314,8.280165789473685,0.13130283541672383,0.23656304429579258,0.10526020887906876
315,11.359524405263157,0.09751605413034459,0.3939741406863852,0.2964580865560406
316,11.643244731578946,0.1482491599392819,0.4084773971127937,0.2602282371735118
317,9.636273763157895,0.10701701558588284,0.30588476663988823,0.1988677510540054
318,9.322005503684212,0.22184388718104409,0.2898199565749413,0.06797606939389722
319,14.910318526315791,0.24482005594656242,0.5754841450055375,0.33066408905897504
320,15.23414687368421,0.11482362839476246,0.5920376490177838,0.4772140206230213
321,14.289473705263159,0.1361983358810085,0.5437477101943353,0.40754937431332683
322,9.235579578947368,0.14219429223686286,0.2854020237302117,0.1432077314933488
323,13.05941132105263,0.13834971596718748,0.4808692044124536,0.34251948844526614
324,14.188653210526315,0.3650886146264555,0.5385939536510754,0.17350533902461995
325,10.870131578947369,0.22941447888599698,0.36895728783882914,0.13954280895283216
326,15.533644894736842,0.25515185973939847,0.6073474319118495,0.352195572172451
327,15.201391989473683,0.2356016969167729,0.5903632801380799,0.354761583221307
328,18.059228157894736,0.44593468125869806,0.7364505602194602,0.29051587896076214
329,15.639479773684211,0.23380147913328497,0.6127575144680184,0.37895603533473343
330,15.291502315789474,0.5614578900669629,0.5949695527523678,0.03351166268540495
331,11.0488683,0.16729492148490888,0.3780939772396319,0.21079905575472302
332,12.536293436842106,0.49746568154381754,0.4541283892073384,0.04333729233647915
333,13.938423552631578,0.22476555898774464,0.5258026780274161,0.30103711903967145
334,13.648427757894737,0.5523648797373031,0.5109786313041396,0.04138624843316352
335,9.954817918947368,0.41004506656176765,0.32216815258738085,0.0878769139743868
336,11.557392294736841,0.30107008899061427,0.40408877990470826,0.10301869091409399
337,12.467195168421052,0.27788277313926524,0.450596213989071,0.17271344084980578
338,16.85575149631579,0.513350234715041,0.6749310672288511,0.16158083251381006
339,12.816264931578948,0.317016193878641,0.46844001232218646,0.15142381844354547
340,12.091120515789475,0.21125852887786323,0.43137197583379183,0.2201134469559286
341,14.3504669,0.4805327797860188,0.5468655690908801,0.0663327893048613
342,13.9618209,0.2807091908650059,0.5269987069936463,0.24628951612864036
343,12.46505257368421,0.30196210770334786,0.45048668852330753,0.14852458081995967
344,13.40105713968421,0.32908152923432565,0.4983335044820546,0.16925197524772895
345,19.202231978947367,0.2541180908353492,0.7948787938548609,0.5407607030195117
346,14.808592157894736,0.2520039485344906,0.5702840818810655,0.3182801333465749
347,19.361050284210524,0.25588644844955877,0.8029972908139947,0.547110842364436
348,13.290532205263158,0.4912342698804114,0.49268367499596993,0.001449405115558522
349,14.758943110526317,0.4219638878878105,0.567746114740461,0.14578222685265052
350,11.881003936842106,0.3321937810798091,0.4206312063461606,0.08843742526635145
351,11.050496928947368,0.13195160868777378,0.37817722972828455,0.24622562104051077
352,17.43024157894737,0.24537288831052861,0.7042979338577887,0.4589250455472601
353,14.285324868421053,0.1197955656787173,0.5435356293562307,0.4237400636775134
354,7.177487019999999,0.1346050821464193,0.18019615244387288,0.04559107029745357
355,12.121064863157894,0.16593670658397897,0.43290267528717624,0.2669659687031973
356,7.537244172631579,0.1677377299986741,0.19858627028845405,0.030848540289779958
357,13.629945521052631,0.1380116219269445,0.510033853664358,0.37202223173741356
358,10.809250610526316,0.17664638897000495,0.3658451657432278,0.18919877677322283
359,9.066754724736843,0.09717896852070473,0.2767720105635096,0.17959304204280485
360,13.82482747894737,0.25191934032943764,0.5199958576029903,0.26807651727355264
361,11.563582574736843,0.1235512333459916,0.40440521552762293,0.2808539821816313
362,15.8996277,0.2539575457309454,0.6260557935626112,0.3720982478316658
363,11.535230202000001,0.31167464019233015,0.40295589486230743,0.09128125466997727
364,11.24075952631579,0.21314306677227346,0.38790310053148325,0.1747600337592098
365,15.837048889473683,0.15877588579565172,0.6228568809302022,0.4640809951345505
366,10.895939815789474,0.13014841843879532,0.370276556999749,0.24012813856095366
367,15.69507802631579,0.11809233672992758,0.6155995939384844,0.4975072572085568
368,10.662803214210527,0.08010734247115292,0.3583590466860273,0.2782517042148744
369,11.647324394736842,0.11880566750138488,0.40868594192056495,0.2898802744191801
370,13.25902524736842,0.09308120881401583,0.4910730977930704,0.3979918889790546
371,15.887208631052632,0.1328900326103455,0.6254209538108747,0.4925309212005292
372,15.206750210526314,0.1929978527445293,0.5906371824521115,0.3976393297075822
373,15.893154710526316,0.15026625768397417,0.6257249063561804,0.4754586486722062
374,12.02457315,0.0758520552488764,0.4279701980229468,0.3521181427740704
