position,eve_position_conservation,eve_position_conservation_norm,pssm_conservation,abs_diff
347,19.361050284210524,0.8029972908139947,0.25588644844955877,0.547110842364436
94,17.115859194736842,0.688227289948138,0.14299098012824185,0.5452363098198961
345,19.202231978947367,0.7948787938548609,0.2541180908353492,0.5407607030195117
171,20.383458263157895,0.8552608888565809,0.3290928891916961,0.5261679996648848
119,18.22945842105263,0.7451524152827664,0.22111912630128694,0.5240332889814795
144,17.22295168421053,0.6937016592199771,0.1698569096098167,0.5238447496101604
114,16.485606921052632,0.6560099636209603,0.13794701212489302,0.5180629514960673
122,18.449662089473684,0.7564088180601681,0.24466174593037526,0.5117470721297929
180,16.367857342105264,0.6499908237174113,0.1481529397770993,0.501837883940312
198,18.272793473684214,0.7473676227327545,0.24818020764270288,0.4991874150900516
